Date,PR,GHI,PR_MA,Years,Budget
2019-07-01,69.57567588,3.256608333,,0.0,73.9
2019-07-02,79.31441128,3.976766667,,0.0027378507871321013,73.89837489127494
2019-07-03,61.02000579,2.811866667,,0.0054757015742642025,73.89674981828708
2019-07-04,83.26257616,3.658408333,,0.008213552361396304,73.89512478103562
2019-07-05,82.12444039,5.590683333,,0.010951403148528405,73.89349977951977
2019-07-06,82.76417228,5.179733333,,0.013689253935660506,73.89187481373877
2019-07-07,69.92450703,4.120733333,,0.01642710472279261,73.8902498836918
2019-07-08,84.78915116,5.707991667,,0.019164955509924708,73.88862498937809
2019-07-09,79.15239303,6.469825,,0.02190280629705681,73.88700013079686
2019-07-10,69.0858989,5.811891667,,0.024640657084188913,73.88537530794731
2019-07-11,70.93888623,6.261125,,0.02737850787132101,73.88375052082868
2019-07-12,72.4561298,6.404208333,,0.030116358658453114,73.88212576944017
2019-07-13,82.22091259,5.996333333,,0.03285420944558522,73.88050105378097
2019-07-14,71.86190426,6.084766667,,0.03559206023271732,73.87887637385033
2019-07-15,71.17281927,5.092958333,,0.038329911019849415,73.87725172964747
2019-07-16,74.83322027,3.32445,,0.04106776180698152,73.87562712117156
2019-07-17,81.27245261,1.661191667,,0.04380561259411362,73.87400254842184
2019-07-18,62.76812143,3.641041667,,0.04654346338124572,73.87237801139753
2019-07-19,60.52690499,4.51005,,0.049281314168377825,73.87075351009784
2019-07-20,76.94910025,4.622266667,,0.05201916495550993,73.86912904452198
2019-07-21,65.36504375,4.940125,,0.05475701574264202,73.86750461466917
2019-07-22,60.24257169,5.558991667,,0.057494866529774126,73.86588022053863
2019-07-23,79.32111993,5.547308333,,0.06023271731690623,73.86425586212955
2019-07-24,75.44610622,6.427508333,,0.06297056810403832,73.86263153944117
2019-07-25,76.36421888,3.8688,,0.06570841889117043,73.86100725247269
2019-07-26,70.66236611,6.74835,,0.06844626967830253,73.85938300122334
2019-07-27,61.16419358,4.966391667,,0.07118412046543464,73.8577587856923
2019-07-28,68.92173916,3.974058333,,0.07392197125256673,73.85613460587884
2019-07-29,76.29448028,4.118708333,,0.07665982203969883,73.85451046178211
2019-07-30,78.96251489,5.475133333,73.291934603,0.07939767282683094,73.85288635340137
2019-07-31,83.30060519,5.032158333,73.74943224666667,0.08213552361396304,73.85126228073584
2019-08-01,63.13507679,4.860941667,73.210121097,0.08487337440109514,73.8496382437847
2019-08-02,79.00013668,3.657125,73.80945879333333,0.08761122518822724,73.84801424254718
2019-08-03,67.11638614,3.925425,73.27125245933334,0.09034907597535935,73.8463902770225
2019-08-04,78.09573286,4.879466667,73.13696220833334,0.09308692676249145,73.84476634720987
2019-08-05,82.72169284,4.471466667,73.135546227,0.09582477754962354,73.84314245310851
2019-08-06,81.31577325,2.410733333,73.51525510100001,0.09856262833675565,73.84151859471763
2019-08-07,77.85296729,2.326983333,73.284048972,0.10130047912388775,73.83989477203643
2019-08-08,72.92912895,3.530166667,73.07660683600001,0.10403832991101986,73.83827098506416
2019-08-09,76.33996613,3.053108333,73.31840907700001,0.10677618069815195,73.83664723380001
2019-08-10,76.52966533,3.532608333,73.50476838033333,0.10951403148528405,73.83502351824319
2019-08-11,74.37988669,4.233616667,73.56889361,0.11225188227241616,73.83339983839292
2019-08-12,60.66216854,4.935833333,72.85026880833334,0.11498973305954825,73.83177619424842
2019-08-13,81.58867858,6.107708333,73.17449461899999,0.11772758384668036,73.83015258580892
2019-08-14,65.42674584,5.945841667,72.982958838,0.12046543463381246,73.8285290130736
2019-08-15,67.91924654,5.121266667,72.752493047,0.12320328542094455,73.8269054760417
2019-08-16,65.22271942,5.110308333,72.21750194066666,0.12594113620807665,73.82528197471242
2019-08-17,81.27025628,4.57005,72.834239769,0.12867898699520877,73.823658509085
2019-08-18,62.1202638,5.784266667,72.88735172933335,0.13141683778234087,73.82203507915862
2019-08-19,73.38961958,6.238091667,72.76870237366666,0.13415468856947296,73.82041168493252
2019-08-20,79.89516234,4.469258333,73.25303966,0.13689253935660506,73.81878832640592
2019-08-21,79.63740059,4.319041667,73.89953395666666,0.13963039014373715,73.81716500357801
2019-08-22,63.4100524,4.894641667,73.36916503900001,0.14236824093086928,73.81554171644802
2019-08-23,61.57263172,6.059475,72.906715889,0.14510609171800137,73.81391846501515
2019-08-24,67.21930321,5.11375,72.60188536666666,0.14784394250513347,73.81229524927863
2019-08-25,63.19590068,5.133858333,72.35300318566668,0.15058179329226556,73.8106720692377
2019-08-26,66.3089646,4.25785,72.524495553,0.15331964407939766,73.80904892489151
2019-08-27,60.72209595,6.652741667,72.25117411266666,0.15605749486652978,73.80742581623934
2019-08-28,63.08059253,5.018358333,71.81071118766667,0.15879534565366188,73.80580274328037
2019-08-29,71.60160175,2.875591667,71.56534741633332,0.16153319644079397,73.80417970601381
2019-08-30,63.56445765,3.195216667,70.90747583166667,0.16427104722792607,73.8025567044389
2019-08-31,77.71123097,6.1398,71.39334763766666,0.16700889801505817,73.80093373855485
2019-09-01,62.14144711,4.582075,70.83139131866666,0.1697467488021903,73.79931080836086
2019-09-02,68.21678227,2.78235,70.86807118966665,0.17248459958932238,73.79768791385615
2019-09-03,66.44978731,2.914716667,70.47987300466667,0.17522245037645448,73.79606505503993
2019-09-04,73.52279742,2.924125,70.17324315733335,0.17796030116358658,73.79444223191143
2019-09-05,65.59199065,4.055225,69.64911707066666,0.1806981519507187,73.79281944446987
2019-09-06,66.40701216,5.574541667,69.267585233,0.1834360027378508,73.79119669271444
2019-09-07,71.92436714,2.775916667,69.23409317266666,0.1861738535249829,73.78957397664438
2019-09-08,84.64357472,4.570908333,69.51088012566667,0.188911704312115,73.78795129625888
2019-09-09,75.98908476,4.864208333,69.49286077333333,0.19164955509924708,73.78632865155718
2019-09-10,72.42388865,5.792425,69.42766083866667,0.1943874058863792,73.78470604253849
2019-09-11,84.22859566,5.639958333,70.21320840933332,0.1971252566735113,73.78308346920201
2019-09-12,81.54786406,6.476283333,70.21184792533333,0.1998631074606434,73.78146093154697
2019-09-13,80.21786497,2.53245,70.70488522966666,0.2026009582477755,73.77983842957258
2019-09-14,63.96117672,2.974508333,70.572949569,0.2053388090349076,73.77821596327806
2019-09-15,69.29612483,2.552158333,70.70872974933333,0.2080766598220397,73.77659353266262
2019-09-16,63.65162517,1.98435,70.12144204566667,0.2108145106091718,73.77497113772546
2019-09-17,61.67436516,2.967916667,70.10657875766667,0.2135523613963039,73.77334877846583
2019-09-18,71.47531581,1.494691667,70.04276863199999,0.216290212183436,73.77172645488292
2019-09-19,72.71470361,4.91405,69.80342000766667,0.2190280629705681,73.77010416697597
2019-09-20,76.01707319,3.92075,69.68274242766667,0.22176591375770022,73.76848191474416
2019-09-21,82.28355411,4.271341667,70.31185915133332,0.2245037645448323,73.76685969818674
2019-09-22,72.49029611,3.994125,70.67578129766666,0.2272416153319644,73.7652375173029
2019-09-23,76.80468408,4.478916667,70.99529399333333,0.2299794661190965,73.76361537209186
2019-09-24,65.94358811,5.927058333,71.08688357433333,0.2327173169062286,73.76199326255285
2019-09-25,77.5996692,5.151191667,71.46324039433333,0.23545516769336072,73.76037118868507
2019-09-26,78.68319327,4.275775,72.06194363833333,0.23819301848049282,73.75874915048774
2019-09-27,80.31828879,5.9795,72.63653351366665,0.24093086926762491,73.75712714796009
2019-09-28,82.97936701,5.166,73.01579235566668,0.243668720054757,73.75550518110131
2019-09-29,76.0790729,5.962158333,73.43294619733334,0.2464065708418891,73.75388324991064
2019-09-30,84.59746407,4.655391667,73.66248730066667,0.24914442162902123,73.75226135438727
2019-10-01,79.92690389,6.280383333,74.25533586,0.2518822724161533,73.75063949453045
2019-10-02,79.62610528,3.846975,74.635646627,0.2546201232032854,73.74901767033936
2019-10-03,65.92235187,5.304516667,74.61806544566666,0.25735797399041754,73.74739588181323
2019-10-04,66.65418229,5.0467,74.389111608,0.2600958247775496,73.74577412895128
2019-10-05,76.60160639,5.760425,74.75609879933334,0.26283367556468173,73.74415241175272
2019-10-06,76.5588171,4.48295,75.09449229733333,0.2655715263518138,73.74253073021679
2019-10-07,83.77956872,5.44895,75.48966568333334,0.2683093771389459,73.74090908434266
2019-10-08,83.61471439,5.028433333,75.455370339,0.27104722792607805,73.73928747412958
2019-10-09,75.66140406,4.364933333,75.44444764900001,0.2737850787132101,73.73766589957675
2019-10-10,80.04870457,4.664875,75.69860817966666,0.27652292950034224,73.7360443606834
2019-10-11,70.29808375,4.926133333,75.23425778266667,0.2792607802874743,73.73442285744873
2019-10-12,81.90221019,4.569933333,75.24606932033335,0.28199863107460643,73.73280138987198
2019-10-13,73.25820899,4.226025,75.01408078766667,0.28473648186173856,73.73117995795234
2019-10-14,66.72883504,6.398408333,75.106336065,0.2874743326488706,73.72955856168902
2019-10-15,76.57787357,5.518016667,75.349061023,0.29021218343600275,73.72793720108126
2019-10-16,77.0655894,5.176558333,75.796193164,0.2929500342231348,73.72631587612827
2019-10-17,81.46022721,6.094358333,76.45572189900001,0.29568788501026694,73.72469458682926
2019-10-18,73.77075529,4.18685,76.53223654833332,0.29842573579739906,73.72307333318345
2019-10-19,72.74535741,4.9675,76.53325834166665,0.30116358658453113,73.72145211519005
2019-10-20,66.34754947,5.845408333,76.21094088433333,0.30390143737166325,73.71983093284828
2019-10-21,66.41490897,4.296116667,75.68198604633334,0.3066392881587953,73.71820978615737
2019-10-22,63.29654995,4.150366667,75.375527841,0.30937713894592744,73.71658867511651
2019-10-23,69.10798905,4.634425,75.11897133999999,0.31211498973305957,73.71496759972494
2019-10-24,61.90249418,4.577158333,74.98426820899999,0.31485284052019163,73.71334655998186
2019-10-25,64.60979865,4.926375,74.55127252400001,0.31759069130732376,73.71172555588649
2019-10-26,63.8697312,5.485858333,74.057490455,0.3203285420944558,73.71010458743804
2019-10-27,71.29737388,5.982341667,73.75679329133332,0.32306639288158795,73.70848365463574
2019-10-28,67.22986725,5.172216667,73.23180996599999,0.3258042436687201,73.7068627574788
2019-10-29,70.37343202,6.041108333,73.04162193666666,0.32854209445585214,73.70524189596644
2019-10-30,68.12164532,5.4497,72.49242797833334,0.33127994524298426,73.70362107009785
2019-10-31,77.64830877,2.721441667,72.41647480766666,0.33401779603011633,73.7020002798723
2019-11-01,77.83458247,4.808541667,72.35675738066666,0.33675564681724846,73.70037952528894
2019-11-02,64.80290631,4.273133333,72.31944252866667,0.3394934976043806,73.69875880634704
2019-11-03,74.45366818,3.964708333,72.57942539166667,0.34223134839151265,73.69713812304579
2019-11-04,83.34200991,4.952183333,72.804105509,0.34496919917864477,73.69551747538442
2019-11-05,75.8734639,4.840366667,72.78126040233333,0.34770704996577684,73.69389686336214
2019-11-06,66.2641216,3.10135,72.197412165,0.35044490075290896,73.69227628697816
2019-11-07,71.0687666,3.981483333,71.77921390533334,0.3531827515400411,73.6906557462317
2019-11-08,64.52656177,4.995958333,71.40805249566667,0.35592060232717315,73.68903524112197
2019-11-09,70.12474905,4.715275,71.07725397833335,0.3586584531143053,73.68741477164819
2019-11-10,69.36295341,2.07705,71.046082967,0.3613963039014374,73.6857943378096
2019-11-11,64.81060316,1.413825,70.47636273266667,0.36413415468856947,73.68417393960539
2019-11-12,77.92843953,5.475458333,70.632037084,0.3668720054757016,73.68255357703478
2019-11-13,69.52200661,5.075183333,70.725142803,0.36960985626283366,73.68093325009698
2019-11-14,84.96615776,4.823908333,71.004752276,0.3723477070499658,73.67931295879124
2019-11-15,79.54801003,5.309941667,71.08749963033333,0.3750855578370979,73.67769270311673
2019-11-16,82.33174394,3.784533333,71.11655018799999,0.37782340862423,73.6760724830727
2019-11-17,84.41106839,4.245008333,71.47122729133335,0.3805612594113621,73.67445229865835
2019-11-18,65.07227211,4.003975,71.21545778133334,0.38329911019849416,73.6728321498729
2019-11-19,62.04307056,4.947675,71.071975151,0.3860369609856263,73.67121203671557
2019-11-20,72.24861764,4.982625,71.26643210666667,0.3887748117727584,73.66959195918558
2019-11-21,76.42463244,5.125883333,71.70403485633332,0.3915126625598905,73.66797191728215
2019-11-22,71.74904906,5.070808333,71.79207019,0.3942505133470226,73.66635191100447
2019-11-23,74.73660121,4.5307,72.21987375766668,0.39698836413415467,73.66473194035179
2019-11-24,68.60481354,4.63165,72.35304092066666,0.3997262149212868,73.66311200532328
2019-11-25,73.4381668,5.065966667,72.671988774,0.4024640657084189,73.66149210591821
2019-11-26,75.72524717,5.144575,72.81958455033332,0.405201916495551,73.65987224213578
2019-11-27,81.48757264,4.909691667,73.29484139666667,0.4079397672826831,73.65825241397519
2019-11-28,65.5584894,5.075216667,73.13434330933335,0.4106776180698152,73.65663262143568
2019-11-29,78.72331671,5.35635,73.48773235566667,0.4134154688569473,73.65501286451644
2019-11-30,60.77978722,4.935858333,72.925448304,0.4161533196440794,73.65339314321669
2019-12-01,61.25222241,5.164416667,72.37270296866669,0.4188911704312115,73.65177345753568
2019-12-02,61.31309634,4.657616667,72.25637596966666,0.4216290212183436,73.6501538074726
2019-12-03,60.40035154,3.829925,71.78793208166667,0.4243668720054757,73.64853419302666
2019-12-04,80.60564465,4.460291667,71.69671990633333,0.4271047227926078,73.6469146141971
2019-12-05,73.77890815,4.068883333,71.62690138133333,0.42984257357973993,73.64529507098311
2019-12-06,83.93623574,5.344333333,72.21597185266666,0.432580424366872,73.64367556338394
2019-12-07,80.91636115,4.428558333,72.54422500433334,0.4353182751540041,73.64205609139877
2019-12-08,81.46790449,5.077075,73.10893642833334,0.4380561259411362,73.64043665502685
2019-12-09,61.30788505,5.0002,72.81504096166667,0.4407939767282683,73.63881725426737
2019-12-10,60.54377212,4.376766667,72.521068252,0.44353182751540043,73.63719788911958
2019-12-11,68.95062491,5.168558333,72.659068977,0.4462696783025325,73.63557855958264
2019-12-12,76.98429416,4.644183333,72.62759746466668,0.4490075290896646,73.63395926565582
2019-12-13,75.90255117,4.143758333,72.84028228333334,0.4517453798767967,73.63234000733833
2019-12-14,84.88059762,4.925783333,72.83743027866667,0.4544832306639288,73.63072078462936
2019-12-15,76.07204674,5.208358333,72.72156483566667,0.45722108145106094,73.62910159752815
2019-12-16,78.14347624,4.99965,72.58195591233334,0.459958932238193,73.62748244603391
2019-12-17,77.94346736,4.757833333,72.36636921133332,0.46269678302532513,73.62586333014586
2019-12-18,70.36822921,4.156325,72.54290111466666,0.4654346338124572,73.62424424986321
2019-12-19,78.06714009,3.243291667,73.07703676566668,0.4681724845995893,73.62262520518519
2019-12-20,64.69162537,4.259316667,72.82513702333333,0.47091033538672145,73.62100619611098
2019-12-21,82.21676331,4.399291667,73.01820805233335,0.4736481861738535,73.61938722263984
2019-12-22,60.49224797,4.312083333,72.64298134933333,0.47638603696098564,73.61776828477099
2019-12-23,80.25737052,4.073933333,72.827006993,0.4791238877481177,73.61614938250362
2019-12-24,67.74430231,3.98975,72.79832328533334,0.48186173853524983,73.61453051583695
2019-12-25,67.63623348,4.621975,72.604925508,0.48459958932238195,73.61291168477021
2019-12-26,75.19495773,3.447866667,72.58724919333334,0.487337440109514,73.61129288930259
2019-12-27,75.95471354,4.633091667,72.40282055666667,0.49007529089664614,73.60967412943336
2019-12-28,76.32490555,4.370766667,72.76170109499999,0.4928131416837782,73.60805540516168
2019-12-29,73.80300758,4.674466667,72.59769079066668,0.49555099247091033,73.6064367164868
2019-12-30,84.08749907,3.726258333,73.374614519,0.49828884325804246,73.60481806340793
2019-12-31,80.96501977,4.288491667,74.03170776433332,0.5010266940451745,73.60319944592429
2020-01-01,83.70730941,5.07465,74.77818153333332,0.5037645448323066,73.60158086403509
2020-01-02,68.11311075,4.731758333,75.035273507,0.5065023956194388,73.59996231773955
2020-01-03,63.18895586,4.44045,74.45471721400001,0.5092402464065708,73.5983438070369
2020-01-04,60.44237102,3.618475,74.01016597633334,0.5119780971937029,73.59672533192634
2020-01-05,81.86359152,4.872125,73.94107783566668,0.5147159479808351,73.59510689240707
2020-01-06,70.89008782,4.023158333,73.60686872466665,0.5174537987679672,73.59348848847836
2020-01-07,67.39285215,4.219875,73.13770031333334,0.5201916495550992,73.59187012013938
2020-01-08,64.29792409,3.9045,73.23736828133333,0.5229295003422314,73.59025178738938
2020-01-09,65.62512904,4.863875,73.40674684533333,0.5256673511293635,73.58863349022755
2020-01-10,72.34655683,4.460858333,73.51994457599999,0.5284052019164955,73.58701522865313
2020-01-11,65.55901557,3.445625,73.13910195633333,0.5311430527036276,73.58539700266532
2020-01-12,65.92991342,2.95095,72.80668069800001,0.5338809034907598,73.58377881226335
2020-01-13,67.91174794,4.940891667,72.24105237533334,0.5366187542778919,73.58216065744641
2020-01-14,74.22727911,5.287825,72.179560121,0.5393566050650239,73.58054253821376
2020-01-15,69.69250469,5.303925,71.89786106933335,0.5420944558521561,73.5789244545646
2020-01-16,72.97746538,4.468491667,71.73232766999999,0.5448323066392882,73.57730640649814
2020-01-17,80.58311758,4.801725,72.072823949,0.5475701574264202,73.5756883940136
2020-01-18,77.46247881,3.778675,72.05266857299999,0.5503080082135524,73.57407041711019
2020-01-19,66.24289263,4.791725,72.10437748166667,0.5530458590006845,73.57245247578714
2020-01-20,72.96244806,5.269483333,71.79590030666667,0.5557837097878165,73.57083457004369
2020-01-21,82.20132235,4.84485,72.51953611933332,0.5585215605749486,73.569216699879
2020-01-22,79.48746197,4.168266667,72.493872501,0.5612594113620808,73.56759886529233
2020-01-23,83.05266113,4.586733333,73.00415112833333,0.5639972621492129,73.5659810662829
2020-01-24,68.40994828,5.462783333,73.02994162166668,0.5667351129363449,73.5643633028499
2020-01-25,76.61827091,5.043483333,73.07738539433333,0.5694729637234771,73.56274557499256
2020-01-26,61.44432892,5.185541667,72.593705907,0.5722108145106092,73.56112788271011
2020-01-27,84.4285727,4.759466667,72.86382814533334,0.5749486652977412,73.55951022600176
2020-01-28,79.5164149,5.548808333,73.054275056,0.5776865160848734,73.55789260486672
2020-01-29,74.37671701,4.882208333,72.73058232066666,0.5804243668720055,73.55627501930421
2020-01-30,72.74831232,4.496141667,72.45669207233335,0.5831622176591376,73.55465746931345
2020-01-31,74.59827958,4.346266667,72.15305774466667,0.5859000684462696,73.55303995489368
2020-02-01,71.53914034,3.808933333,72.26725873100001,0.5886379192334018,73.55142247604408
2020-02-02,81.08305582,4.807375,72.86372872966668,0.5913757700205339,73.54980503276389
2020-02-03,76.69208752,5.049441667,73.40538594633334,0.5941136208076659,73.54818762505231
2020-02-04,60.07748076,4.772808333,72.67918225433333,0.5968514715947981,73.54657025290858
2020-02-05,79.76798567,5.172516667,72.97511218266666,0.5995893223819302,73.54495291633191
2020-02-06,68.61560135,4.62125,73.01587048933334,0.6023271731690623,73.54333561532151
2020-02-07,68.221907,5.256708333,73.14666991966666,0.6050650239561944,73.5417183498766
2020-02-08,67.14574438,4.639883333,73.19735709766665,0.6078028747433265,73.54010111999641
2020-02-09,76.95976768,3.420391667,73.35113079266668,0.6105407255304586,73.53848392568015
2020-02-10,81.43525406,4.015516667,73.88033874233334,0.6132785763175906,73.53686676692703
2020-02-11,69.42633522,5.081233333,73.99688613566667,0.6160164271047228,73.53524964373628
2020-02-12,64.03814869,4.590058333,73.86776616066668,0.6187542778918549,73.53363255610712
2020-02-13,70.12644246,5.550083333,73.73107160566666,0.621492128678987,73.53201550403875
2020-02-14,82.65052929,4.707008333,74.16300575900001,0.6242299794661191,73.5303984875304
2020-02-15,72.65061161,5.042708333,74.15211063333335,0.6269678302532512,73.5287815065813
2020-02-16,75.54118779,4.418366667,73.984046307,0.6297056810403833,73.52716456119065
2020-02-17,81.3842326,5.067591667,74.11477143333333,0.6324435318275154,73.52554765135767
2020-02-18,77.90623055,5.636816667,74.503549364,0.6351813826146475,73.52393077708157
2020-02-19,76.79041536,6.350425,74.631148274,0.6379192334017796,73.5223139383616
2020-02-20,83.89612571,5.145483333,74.68764171933334,0.6406570841889117,73.52069713519694
2020-02-21,83.53209907,5.7667,74.82246295600001,0.6433949349760438,73.51908036758684
2020-02-22,69.68113594,6.243441667,74.37674544966667,0.6461327857631759,73.5174636355305
2020-02-23,60.06530537,6.434125,74.098590686,0.648870636550308,73.51584693902714
2020-02-24,62.6673872,6.1229,73.633561229,0.6516084873374401,73.51423027807598
2020-02-25,78.0071967,5.188775,74.18565682166667,0.6543463381245722,73.51261365267624
2020-02-26,65.72326849,5.680933333,73.56214668133333,0.6570841889117043,73.51099706282714
2020-02-27,65.54940032,5.403366667,73.09657952866668,0.6598220396988365,73.50938050852788
2020-02-28,64.56595764,6.12265,72.76955421633333,0.6625598904859685,73.5077639897777
2020-02-29,82.30482922,5.796691667,73.08810477966666,0.6652977412731006,73.50614750657583
2020-03-01,74.88923695,5.176516667,73.09780335866667,0.6680355920602327,73.50453105892144
2020-03-02,63.66429443,4.816608333,72.83530849499999,0.6707734428473648,73.5029146468138
2020-03-03,72.6161465,4.1532,72.55307818433333,0.6735112936344969,73.5012982702521
2020-03-04,70.46245743,4.285125,72.34542384800001,0.676249144421629,73.49968192923555
2020-03-05,62.78228328,4.463325,72.435583932,0.6789869952087612,73.4980656237634
2020-03-06,83.10785383,3.399758333,72.54691287066666,0.6817248459958932,73.49644935383485
2020-03-07,62.56384478,5.052308333,72.34518765166666,0.6844626967830253,73.49483311944911
2020-03-08,78.41201713,4.931158333,72.68485798933334,0.6872005475701575,73.49321692060542
2020-03-09,70.01554065,4.916208333,72.78051786500001,0.6899383983572895,73.49160075730298
2020-03-10,79.59305672,5.029041667,72.86829416633333,0.6926762491444216,73.48998462954101
2020-03-11,70.73858114,4.954483333,72.51173840233334,0.6954140999315537,73.48836853731873
2020-03-12,61.86801705,6.153458333,72.25979446333332,0.6981519507186859,73.48675248063537
2020-03-13,82.27915168,6.144225,72.86782789633334,0.7008898015058179,73.48513645949015
2020-03-14,75.00459407,5.178616667,73.03043294999999,0.70362765229295,73.48352047388227
2020-03-15,64.78337215,6.693333333,72.43486104533332,0.7063655030800822,73.48190452381095
2020-03-16,81.32610463,6.1471,72.724044146,0.7091033538672142,73.48028860927542
2020-03-17,66.79593751,5.987283333,72.43253580333334,0.7118412046543463,73.4786727302749
2020-03-18,74.95654113,5.698666667,72.218279421,0.7145790554414785,73.4770568868086
2020-03-19,73.80255292,5.195333333,72.08149016666668,0.7173169062286106,73.47544107887573
2020-03-20,70.69409106,6.153958333,71.87827935666665,0.7200547570157426,73.47382530647553
2020-03-21,81.5368371,6.044691667,71.79963640300001,0.7227926078028748,73.47220956960722
2020-03-22,72.19813593,6.300491667,71.42183763166666,0.7255304585900069,73.47059386826999
2020-03-23,77.8618266,5.735908333,71.69452732033332,0.7282683093771389,73.46897820246308
2020-03-24,77.59843007,5.065016667,72.27896481033333,0.731006160164271,73.4673625721857
2020-03-25,66.46583975,5.75035,72.40557989533333,0.7337440109514032,73.46574697743709
2020-03-26,65.64295468,5.283633333,71.99343849466666,0.7364818617385352,73.46413141821644
2020-03-27,78.16473702,5.239491667,72.40815411233334,0.7392197125256673,73.46251589452298
2020-03-28,73.16790602,4.19995,72.66210430233333,0.7419575633127995,73.46090040635593
2020-03-29,78.50808763,5.704341667,73.12684196866667,0.7446954140999316,73.4592849537145
2020-03-30,75.83693391,5.285141667,72.91124545833333,0.7474332648870636,73.45766953659792
2020-03-31,60.67226397,4.233066667,72.437346359,0.7501711156741958,73.45605415500542
2020-04-01,82.11412349,5.621783333,73.052340661,0.7529089664613279,73.45443880893619
2020-04-02,74.55928009,5.678833333,73.11711178066666,0.75564681724846,73.45282349838948
2020-04-03,66.57508661,6.185891667,72.98753275333334,0.758384668035592,73.45120822336447
2020-04-04,62.87570892,5.683275,72.99064694133334,0.7611225188227242,73.44959298386041
2020-04-05,75.3222915,6.892741667,72.73112819700002,0.7638603696098563,73.44797777987652
2020-04-06,81.68313782,5.083058333,73.36843796500001,0.7665982203969883,73.446362611412
2020-04-07,61.78406378,4.884625,72.81417285333333,0.7693360711841205,73.44474747846608
2020-04-08,77.17234434,3.9222,73.05273297633335,0.7720739219712526,73.44313238103797
2020-04-09,60.87938942,5.728558333,72.42894406633333,0.7748117727583846,73.4415173191269
2020-04-10,71.28257684,5.737091667,72.44707725633333,0.7775496235455168,73.43990229273209
2020-04-11,82.41476398,4.889091667,73.13196882066669,0.7802874743326489,73.43828730185274
2020-04-12,76.130166,5.596908333,72.92700263133334,0.783025325119781,73.4366723464881
2020-04-13,75.91324908,1.867816667,72.95729113166666,0.785763175906913,73.43505742663736
2020-04-14,70.20791599,4.534533333,73.13810925966666,0.7885010266940452,73.43344254229974
2020-04-15,66.79622733,4.452058333,72.65378001633333,0.7912388774811773,73.43182769347449
2020-04-16,77.3903263,5.429983333,73.00692630933332,0.7939767282683093,73.4302128801608
2020-04-17,84.3892094,4.472725,73.32134858499998,0.7967145790554415,73.4285981023579
2020-04-18,77.60284402,5.449091667,73.448024955,0.7994524298425736,73.426983360065
2020-04-19,80.89820241,5.1757,73.78816200000001,0.8021902806297057,73.42536865328132
2020-04-20,79.2948459,5.584291667,73.71342896,0.8049281314168378,73.4237539820061
2020-04-21,76.03952017,6.457483333,73.84147510133333,0.8076659822039699,73.42213934623854
2020-04-22,77.48334589,4.577166667,73.82885907766668,0.810403832991102,73.42052474597787
2020-04-23,62.82706934,5.740241667,73.33648038666666,0.813141683778234,73.4189101812233
2020-04-24,84.1218026,5.062733333,73.92501248166667,0.8158795345653662,73.41729565197404
2020-04-25,65.11002022,5.805525,73.90724799966667,0.8186173853524983,73.41568115822933
2020-04-26,75.44146139,5.5169,73.81647214533334,0.8213552361396304,73.41406669998838
2020-04-27,81.05356964,6.154783333,74.07932759933333,0.8240930869267625,73.4124522772504
2020-04-28,64.64080488,5.878933333,73.61708484100001,0.8268309377138946,73.41083789001463
2020-04-29,74.85887606,6.08545,73.58448291266667,0.8295687885010267,73.40922353828027
2020-04-30,63.15958673,5.207166667,73.66739367133333,0.8323066392881588,73.40760922204655
2020-05-01,66.45267836,6.03805,73.14534550033333,0.8350444900752909,73.40599494131268
2020-05-02,72.70199367,4.663708333,73.08343595299999,0.837782340862423,73.4043806960779
2020-05-03,61.52043168,5.464791667,72.91494745533332,0.840520191649555,73.4027664863414
2020-05-04,83.57701162,4.592633333,73.60499087866667,0.8432580424366872,73.40115231210244
2020-05-05,72.70031641,4.253583333,73.517591709,0.8459958932238193,73.39953817336018
2020-05-06,64.16616159,4.880816667,72.93369250133333,0.8487337440109514,73.3979240701139
2020-05-07,73.66441626,4.841466667,73.32970425066667,0.8514715947980835,73.39631000236278
2020-05-08,79.27741162,4.510683333,73.39987315999998,0.8542094455852156,73.39469597010606
2020-05-09,75.53316584,4.7767,73.88833237399999,0.8569472963723477,73.39308197334294
2020-05-10,77.48359923,5.5035,74.09503312033333,0.8596851471594799,73.39146801207266
2020-05-11,62.99092766,3.838958333,73.44757190966666,0.8624229979466119,73.38985408629443
2020-05-12,83.66946472,4.668425,73.698881867,0.865160848733744,73.38824019600747
2020-05-13,61.29004466,5.32895,73.21144171966667,0.8678986995208761,73.386626341211
2020-05-14,79.66622125,5.247483333,73.52671856166667,0.8706365503080082,73.38501252190424
2020-05-15,73.66880954,5.217991667,73.75580463533333,0.8733744010951403,73.3833987380864
2020-05-16,60.20311141,4.272483333,73.18289747233332,0.8761122518822724,73.38178498975672
2020-05-17,70.90608973,4.650916667,72.73346015,0.8788501026694046,73.3801712769144
2020-05-18,74.52685415,6.124416667,72.63092715433332,0.8815879534565366,73.37855759955866
2020-05-19,67.26114675,6.448066667,72.17635863233333,0.8843258042436687,73.37694395768875
2020-05-20,70.21361199,3.399866667,71.87365083533334,0.8870636550308009,73.37533035130386
2020-05-21,82.32711052,6.2427,72.08323718033334,0.8898015058179329,73.3737167804032
2020-05-22,80.67790069,6.165941667,72.18972234033332,0.892539356605065,73.37210324498602
2020-05-23,62.74954517,1.4891,72.18713820133333,0.8952772073921971,73.37048974505151
2020-05-24,81.82315425,5.269075,72.11051658966666,0.8980150581793293,73.36887628059893
2020-05-25,75.91676788,4.344958333,72.47074151166666,0.9007529089664613,73.36726285162746
2020-05-26,67.16432717,6.278041667,72.19483703766667,0.9034907597535934,73.36564945813635
2020-05-27,75.5982992,5.529083333,72.01299468966667,0.9062286105407256,73.36403610012478
2020-05-28,60.14444599,4.094625,71.86311606,0.9089664613278576,73.36242277759202
2020-05-29,78.11811297,3.191908333,71.97175729033333,0.9117043121149897,73.36080949053725
2020-05-30,74.37539486,4.843125,72.34561756133333,0.9144421629021219,73.3591962389597
2020-05-31,79.16048578,5.349741667,72.76921114199999,0.917180013689254,73.3575830228586
2020-06-01,71.53446031,5.753025,72.73029336333335,0.919917864476386,73.35596984223318
2020-06-02,64.08646177,5.967441667,72.81582769966667,0.9226557152635181,73.35435669708261
2020-06-03,80.38717989,6.481433333,72.70949997533333,0.9253935660506503,73.35274358740617
2020-06-04,60.82239997,3.482566667,72.31356942733332,0.9281314168377823,73.35113051320305
2020-06-05,75.2775677,6.091116667,72.68394963099999,0.9308692676249144,73.34951747447246
2020-06-06,80.05087178,4.356791667,72.89683148166667,0.9336071184120466,73.34790447121365
2020-06-07,76.95485378,5.720458333,72.81941288700001,0.9363449691991786,73.34629150342582
2020-06-08,77.23057649,6.532991667,72.875993242,0.9390828199863107,73.34467857110818
2020-06-09,61.45226716,3.159608333,72.34161550633334,0.9418206707734429,73.34306567425998
2020-06-10,80.56177209,2.94105,72.92731032066668,0.944558521560575,73.3414528128804
2020-06-11,80.49167267,4.143441667,72.821383919,0.947296372347707,73.3398399869687
2020-06-12,76.09915651,5.833833333,73.31502098066667,0.9500342231348392,73.33822719652409
2020-06-13,79.12138992,4.894733333,73.29685993633333,0.9527720739219713,73.33661444154578
2020-06-14,69.28932896,2.969216667,73.15087725033335,0.9555099247091033,73.33500172203298
2020-06-15,81.96849911,4.313208333,73.87639017366668,0.9582477754962354,73.33338903798494
2020-06-16,77.38420173,4.991241667,74.09232724033333,0.9609856262833676,73.33177638940086
2020-06-17,80.78633305,5.370116667,74.300976537,0.9637234770704997,73.33016377627996
2020-06-18,70.69656628,6.145133333,74.41549052133334,0.9664613278576317,73.32855119862145
2020-06-19,63.21001611,3.97175,74.18203732533333,0.9691991786447639,73.32693865642459
2020-06-20,65.50143335,5.586458333,73.62118141966667,0.971937029431896,73.32532614968856
2020-06-21,60.59029075,3.6268,72.95159442166667,0.974674880219028,73.3237136784126
2020-06-22,71.52459314,5.206775,73.24409602066666,0.9774127310061602,73.32210124259592
2020-06-23,76.83622871,5.4909,73.07786516933334,0.9801505817932923,73.32048884223775
2020-06-24,65.04704193,4.751008333,72.71554097100001,0.9828884325804244,73.3188764773373
2020-06-25,70.15457285,3.24855,72.81521582699999,0.9856262833675564,73.3172641478938
2020-06-26,74.3154578,5.469508333,72.772454447,0.9883641341546886,73.31565185390646
2020-06-27,74.96356782,5.332758333,73.26642517466667,0.9911019849418207,73.31403959537451
2020-06-28,77.37486539,3.041866667,73.24165025533334,0.9938398357289527,73.31242737229717
2020-06-29,70.47128212,2.168291667,73.11151316399999,0.9965776865160849,73.31081518467364
2020-06-30,65.03854779,2.612158333,72.64078189766668,0.999315537303217,73.30920303250318
2020-07-01,60.27022685,4.446141667,72.26530744899999,1.002053388090349,73.30759091578497
2020-07-02,72.57201088,5.703241667,72.548159086,1.0047912388774811,73.30597883451826
2020-07-03,60.52503388,4.314441667,71.88608755233334,1.0075290896646132,73.30436678870224
2020-07-04,69.59664044,5.0388,72.17856223466667,1.0102669404517455,73.30275477833618
2020-07-05,61.4168444,3.555841667,71.71653812466667,1.0130047912388775,73.30114280341924
2020-07-06,60.63686397,3.430008333,71.06940453099999,1.0157426420260096,73.29953086395068
2020-07-07,70.1795035,5.052775,70.84355952166666,1.0184804928131417,73.29791895992972
2020-07-08,70.98429495,4.669158333,70.635350137,1.0212183436002737,73.29630709135554
2020-07-09,62.52589819,4.819108333,70.67113783799999,1.0239561943874058,73.29469525822742
2020-07-10,79.04237853,5.808341667,70.620491386,1.0266940451745379,73.29308346054454
2020-07-11,61.03987646,5.056216667,69.97209817899999,1.0294318959616702,73.29147169830614
2020-07-12,83.20947604,5.706333333,70.20910883,1.0321697467488022,73.28985997151142
2020-07-13,79.82261729,5.080458333,70.23248307566668,1.0349075975359343,73.28824828015962
2020-07-14,83.21232225,6.802625,70.69658285199999,1.0376454483230664,73.28663662424995
2020-07-15,82.87603269,6.373325,70.72683397133332,1.0403832991101984,73.28502500378164
2020-07-16,84.72339623,3.385833333,70.971473788,1.0431211498973305,73.28341341875391
2020-07-17,70.1763765,4.903241667,70.61780856966666,1.0458590006844628,73.28180186916596
2020-07-18,63.41637107,3.602683333,70.37513539599999,1.0485968514715949,73.28019035501704
2020-07-19,74.51663485,5.185658333,70.75202268733334,1.051334702258727,73.27857887630634
2020-07-20,61.60675397,4.802258333,70.62220004133333,1.054072553045859,73.27696743303312
2020-07-21,74.38164019,3.878741667,71.08191168933332,1.056810403832991,73.27535602519657
2020-07-22,68.78996992,5.033941667,70.990757582,1.0595482546201231,73.27374465279591
2020-07-23,80.34768649,5.238233333,71.10780617466666,1.0622861054072552,73.27213331583037
2020-07-24,83.21377527,4.326291667,71.71336395266667,1.0650239561943875,73.27052201429919
2020-07-25,63.95863352,5.342891667,71.50683264166668,1.0677618069815196,73.26891074820155
2020-07-26,74.81788739,4.191575,71.52358029466664,1.0704996577686516,73.2672995175367
2020-07-27,78.84769573,6.463783333,71.653051225,1.0732375085557837,73.26568832230384
2020-07-28,73.53916359,4.672008333,71.52519449833333,1.0759753593429158,73.26407716250222
2020-07-29,84.27499891,5.826408333,71.98531839133334,1.0787132101300478,73.26246603813105
2020-07-30,76.33637825,5.928366667,72.36191274,1.08145106091718,73.26085494918954
2020-07-31,81.89387409,2.833108333,73.08270098133333,1.0841889117043122,73.2592438956769
2020-08-01,60.48325108,4.023816667,72.67974232133334,1.0869267624914443,73.25763287759239
2020-08-02,75.23499646,3.128775,73.17007440733332,1.0896646132785763,73.25602189493519
2020-08-03,68.36815611,3.270375,73.12912492966667,1.0924024640657084,73.25441094770454
2020-08-04,66.82187004,3.911008333,73.30929245099999,1.0951403148528405,73.25280003589967
2020-08-05,78.12217834,4.348208333,73.89213626333334,1.0978781656399725,73.2511891595198
2020-08-06,83.73038692,4.216683333,74.34383237733333,1.1006160164271048,73.24957831856412
2020-08-07,83.80450831,4.42375,74.77117282266666,1.103353867214237,73.24796751303188
2020-08-08,67.59783611,4.228008333,74.94023742,1.106091718001369,73.2463567429223
2020-08-09,66.90940439,3.826891667,74.53580494866668,1.108829568788501,73.24474600823459
2020-08-10,70.68643663,4.77865,74.85735695433333,1.111567419575633,73.24313530896798
2020-08-11,80.91626741,5.032291667,74.78091666666667,1.1143052703627652,73.24152464512169
2020-08-12,63.18027054,2.374025,74.22617177500001,1.1170431211498972,73.23991401669493
2020-08-13,70.54251848,3.296125,73.80384498266667,1.1197809719370295,73.23830342368693
2020-08-14,62.43740341,5.338333333,73.12255734,1.1225188227241616,73.2366928660969
2020-08-15,68.05950151,6.542925,72.56709418266668,1.1252566735112937,73.23508234392409
2020-08-16,64.51231562,6.588108333,72.37829215333333,1.1279945242984257,73.2334718571677
2020-08-17,83.38144698,5.805491667,73.04379468366666,1.1307323750855578,73.23186140582695
2020-08-18,83.27885928,4.6093,73.33586883133333,1.1334702258726899,73.23025098990105
2020-08-19,70.80370196,4.504258333,73.64243376433335,1.136208076659822,73.22864060938926
2020-08-20,72.01206975,4.920458333,73.563448083,1.1389459274469542,73.22703026429078
2020-08-21,60.02388617,5.852966667,73.27124529133333,1.1416837782340863,73.2254199546048
2020-08-22,65.39352233,5.7299,72.77277315266666,1.1444216290212184,73.22380968033059
2020-08-23,81.24745954,5.770433333,72.707229295,1.1471594798083504,73.22219944146735
2020-08-24,82.81310078,6.372925,73.335711537,1.1498973305954825,73.2205892380143
2020-08-25,67.76977824,6.375016667,73.10077456533332,1.1526351813826146,73.21897906997067
2020-08-26,63.01606436,5.904958333,72.57305351966666,1.1553730321697468,73.21736893733566
2020-08-27,73.65052644,6.356391667,72.57676561466666,1.158110882956879,73.21575884010852
2020-08-28,81.09543452,6.098608333,72.470780135,1.160848733744011,73.21414877828846
2020-08-29,64.68213301,6.4524,72.08230529366666,1.163586584531143,73.21253875187469
2020-08-30,76.03943489,4.734875,71.88715732033333,1.1663244353182751,73.21092876086644
2020-08-31,82.64278301,6.173716667,72.62580838466667,1.1690622861054072,73.20931880526294
2020-09-01,77.2688698,3.607716667,72.69360416266666,1.1718001368925393,73.2077088850634
2020-09-02,80.25530527,5.848,73.08984246799999,1.1745379876796715,73.20609900026705
2020-09-03,79.11494783,5.022025,73.49961172766668,1.1772758384668036,73.2044891508731
2020-09-04,64.27829856,6.7933,73.03814906833333,1.1800136892539357,73.20287933688077
2020-09-05,79.50033226,5.315975,72.89714724633333,1.1827515400410678,73.20126955828931
2020-09-06,75.98413614,5.303933333,72.63646817399999,1.1854893908281998,73.1996598150979
2020-09-07,65.23346652,6.947316667,72.55765585433332,1.1882272416153319,73.19805010730579
2020-09-08,83.00012978,5.245983333,73.09401336733332,1.1909650924024642,73.19644043491219
2020-09-09,70.81294717,3.982816667,73.09823038533334,1.1937029431895962,73.19483079791634
2020-09-10,65.33308202,4.208775,72.57879087233333,1.1964407939767283,73.19322119631744
2020-09-11,74.15784385,6.204075,72.94470998266667,1.1991786447638604,73.1916116301147
2020-09-12,63.67723912,4.825333333,72.71586733733334,1.2019164955509924,73.19000209930739
2020-09-13,77.09746893,3.430558333,73.204536188,1.2046543463381245,73.18839260389468
2020-09-14,66.50726911,3.86695,73.15279510799999,1.2073921971252566,73.18678314387583
2020-09-15,62.09406595,5.83625,73.07218678566667,1.2101300479123889,73.18517371925003
2020-09-16,66.69350044,5.193391667,72.515921901,1.212867898699521,73.18356433001652
2020-09-17,65.98626146,4.751516667,71.93950197366667,1.215605749486653,73.18195497617452
2020-09-18,65.81474179,3.082125,71.77320330133333,1.218343600273785,73.18034565772327
2020-09-19,71.86334764,1.961641667,71.76824589766667,1.2210814510609171,73.17873637466194
2020-09-20,76.09235854,5.438716667,72.30386164333335,1.2238193018480492,73.1771271269898
2020-09-21,70.73095945,5.726066667,72.481776214,1.2265571526351813,73.17551791470606
2020-09-22,72.61577295,5.455016667,72.19405332766668,1.2292950034223136,73.17390873780992
2020-09-23,77.03613837,5.434108333,72.00148791400001,1.2320328542094456,73.17229959630065
2020-09-24,80.76889776,6.261908333,72.434791898,1.2347707049965777,73.17069049017742
2020-09-25,80.78640954,3.901775,73.02713673733335,1.2375085557837098,73.16908141943946
2020-09-26,71.77520677,3.824825,72.96462608166667,1.2402464065708418,73.16747238408603
2020-09-27,70.39030075,3.45985,72.60778828933333,1.242984257357974,73.1658633841163
2020-09-28,60.58774693,3.970241667,72.47130875333333,1.2457221081451062,73.16425441952954
2020-09-29,62.84506203,4.564616667,72.03149632466668,1.2484599589322383,73.16264549032495
2020-09-30,83.18899003,5.392108333,72.04970322533333,1.2511978097193703,73.16103659650176
2020-10-01,62.73674669,4.0125,71.56529912166667,1.2539356605065024,73.15942773805916
2020-10-02,73.71892061,2.411141667,71.34741963300002,1.2566735112936345,73.15781891499641
2020-10-03,72.4401401,5.345891667,71.124926042,1.2594113620807665,73.15621012731272
2020-10-04,76.93894479,4.904075,71.546947583,1.2621492128678986,73.1546013750073
2020-10-05,60.24167536,3.05,70.904992353,1.264887063655031,73.15299265807938
2020-10-06,80.87436482,3.399941667,71.06799997566667,1.267624914442163,73.1513839765282
2020-10-07,84.47100223,1.767241667,71.709251166,1.270362765229295,73.14977533035295
2020-10-08,84.98011969,4.223466667,71.77525082966667,1.273100616016427,73.14816671955288
2020-10-09,63.67023399,1.825283333,71.53716039033334,1.2758384668035592,73.1465581441272
2020-10-10,80.63019308,2.645533333,72.04706409233333,1.2785763175906912,73.14494960407512
2020-10-11,75.48120255,2.573858333,72.091176049,1.2813141683778233,73.1433410993959
2020-10-12,74.21314908,4.169058333,72.44237304766666,1.2840520191649556,73.14173263008871
2020-10-13,84.9617997,4.326308333,72.70451740666665,1.2867898699520877,73.14012419615281
2020-10-14,67.80043625,2.54325,72.747622978,1.2895277207392197,73.1385157975874
2020-10-15,69.25622925,2.999,72.98636175466666,1.2922655715263518,73.13690743439173
2020-10-16,70.50378529,2.124833333,73.11337124966667,1.2950034223134839,73.135299106565
2020-10-17,69.40774697,2.839691667,73.22742076666667,1.297741273100616,73.13369081410643
2020-10-18,74.01298316,2.898758333,73.50069547899999,1.3004791238877482,73.13208255701527
2020-10-19,70.06526772,4.856016667,73.44075948166666,1.3032169746748803,73.1304743352907
2020-10-20,63.29134117,4.438566667,73.01405890266666,1.3059548254620124,73.12886614893198
2020-10-21,83.25306691,3.001575,73.43146248466668,1.3086926762491444,73.1272579979383
2020-10-22,82.907448,5.948458333,73.77451831966667,1.3114305270362765,73.12564988230892
2020-10-23,60.71307876,5.029258333,73.23041633266666,1.3141683778234086,73.12404180204302
2020-10-24,62.309339,5.099741667,72.61509770733332,1.3169062286105406,73.12243375713986
2020-10-25,77.38291574,2.715316667,72.50164791399999,1.319644079397673,73.12082574759863
2020-10-26,78.27408102,5.14175,72.71827705566666,1.322381930184805,73.11921777341858
2020-10-27,69.67418695,3.935491667,72.69440659566666,1.325119780971937,73.11760983459891
2020-10-28,80.49438618,2.206325,73.35796123733333,1.3278576317590691,73.11600193113887
2020-10-29,84.92437313,3.794083333,74.093938274,1.3305954825462012,73.11439406303765
2020-10-30,81.17184293,4.33635,74.02670003733333,1.3333333333333333,73.11278623029449
2020-10-31,77.81053225,3.985316667,74.529159556,1.3360711841204653,73.11117843290862
2020-11-01,66.21683521,4.631875,74.27909004266667,1.3388090349075976,73.10957067087925
2020-11-02,82.55276598,3.199641667,74.616177572,1.3415468856947297,73.1079629442056
2020-11-03,84.68920224,5.397516667,74.874519487,1.3442847364818618,73.1063552528869
2020-11-04,75.06431608,3.881266667,75.368607511,1.3470225872689938,73.10474759692238
2020-11-05,74.90404968,5.158883333,75.16959700633333,1.3497604380561259,73.10313997631124
2020-11-06,62.56887417,2.401275,74.439526071,1.352498288843258,73.10153239105271
2020-11-07,70.66678186,4.188108333,73.96241480999998,1.3552361396303902,73.09992484114603
2020-11-08,62.12552221,4.948775,73.91092441733333,1.3579739904175223,73.0983173265904
2020-11-09,75.87799173,3.40385,73.75251770566666,1.3607118412046544,73.09670984738507
2020-11-10,70.46339039,3.473483333,73.58525730033332,1.3634496919917864,73.09510240352924
2020-11-11,81.40364062,3.210316667,73.82494035166668,1.3661875427789185,73.09349499502213
2020-11-12,60.88355471,4.436241667,73.02233218533334,1.3689253935660506,73.09188762186298
2020-11-13,69.39930931,4.856416667,73.07562795400001,1.3716632443531827,73.090280284051
2020-11-14,73.55679318,5.4906,73.21898008499998,1.374401095140315,73.0886729815854
2020-11-15,84.10658453,4.450458333,73.67240672633334,1.377138945927447,73.08706571446545
2020-11-16,74.71188286,4.598091667,73.84921125599999,1.379876796714579,73.08545848269033
2020-11-17,64.97284081,5.437575,73.54787317766666,1.3826146475017111,73.08385128625928
2020-11-18,69.81664739,3.887516667,73.53958583333333,1.3853524982888432,73.0822441251715
2020-11-19,62.28045255,3.99265,73.50588954599999,1.3880903490759753,73.08063699942623
2020-11-20,79.63375104,4.206191667,73.38524568366665,1.3908281998631074,73.07902990902271
2020-11-21,64.55297305,3.515766667,72.77342985199999,1.3935660506502396,73.07742285396014
2020-11-22,61.82516432,4.502883333,72.81049937066668,1.3963039014373717,73.07581583423776
2020-11-23,62.58018588,3.430041667,72.8195276,1.3990417522245038,73.07420884985476
2020-11-24,61.50498092,4.42425,72.29026310600001,1.4017796030116358,73.0726019008104
2020-11-25,80.42356437,4.824158333,72.361912551,1.404517453798768,73.07099498710387
2020-11-26,62.05539273,4.384575,72.10795274366666,1.4072553045859,73.06938810873443
2020-11-27,80.88446781,4.1413,72.12095546466666,1.4099931553730323,73.06778126570127
2020-11-28,75.32861428,4.05465,71.80109683633333,1.4127310061601643,73.06617445800363
2020-11-29,63.04094468,2.462508333,71.19673356133333,1.4154688569472964,73.06456768564072
2020-11-30,62.19627712,3.986191667,70.67625839033333,1.4182067077344285,73.06296094861179
2020-12-01,68.55667082,3.422875,70.75425291066666,1.4209445585215605,73.06135424691603
2020-12-02,66.13656954,4.100191667,70.20704636266667,1.4236824093086926,73.05974758055268
2020-12-03,76.05161584,5.60325,69.919126816,1.4264202600958247,73.05814094952098
2020-12-04,72.24697723,5.626008333,69.825215521,1.429158110882957,73.05653435382011
2020-12-05,77.03525004,5.074833333,69.89625553299999,1.431895961670089,73.05492779344932
2020-12-06,70.84967242,5.420141667,70.17228214133334,1.434633812457221,73.05332126840784
2020-12-07,82.58404325,3.066733333,70.56952418766667,1.4373716632443532,73.05171477869489
2020-12-08,79.51818541,4.480466667,71.14927962766666,1.4401095140314852,73.05010832430968
2020-12-09,74.40351479,3.3859,71.10013039633333,1.4428473648186173,73.04850190525141
2020-12-10,81.67746184,3.428716667,71.473932778,1.4455852156057496,73.04689552151937
2020-12-11,75.57106335,2.8102,71.27951353566667,1.4483230663928817,73.04528917311274
2020-12-12,82.09009491,3.284166667,71.986398209,1.4510609171800137,73.04368286003073
2020-12-13,75.25616007,2.810166667,72.18162656766667,1.4537987679671458,73.0420765822726
2020-12-14,71.20318243,4.296166667,72.10317287599999,1.4565366187542779,73.04047033983755
2020-12-15,67.29291394,4.15135,71.54271718966667,1.45927446954141,73.03886413272481
2020-12-16,79.91800065,4.663783333,71.71625444933333,1.462012320328542,73.03725796093359
2020-12-17,80.04062009,4.445075,72.21851375866666,1.4647501711156743,73.03565182446314
2020-12-18,76.00328045,3.599541667,72.42473486066666,1.4674880219028064,73.03404572331266
2020-12-19,78.98540616,3.687291667,72.98156664766665,1.4702258726899384,73.03243965748139
2020-12-20,77.73573139,3.353266667,72.918299326,1.4729637234770705,73.03083362696853
2020-12-21,72.06306798,4.921075,73.16863582366666,1.4757015742642026,73.02922763177334
2020-12-22,64.03572444,2.876825,73.242321161,1.4784394250513346,73.027621671895
2020-12-23,82.28081061,3.4587,73.899008652,1.4811772758384667,73.02601574733276
2020-12-24,83.62682548,4.203441667,74.63640347066666,1.483915126625599,73.02440985808585
2020-12-25,62.18401975,4.012741667,74.02841865,1.486652977412731,73.02280400415347
2020-12-26,80.77043024,4.949166667,74.65225323366667,1.4893908281998631,73.02119818553486
2020-12-27,66.81759374,4.482958333,74.18335743133333,1.4921286789869952,73.01959240222924
2020-12-28,60.11023343,4.528641667,73.67607806966666,1.4948665297741273,73.01798665423583
2020-12-29,64.9488999,4.800583333,73.739676577,1.4976043805612593,73.01638094155385
2020-12-30,77.60357917,2.427341667,74.253253312,1.5003422313483916,73.01477526418252
2020-12-31,63.36967939,3.629525,74.08035359766667,1.5030800821355237,73.01316962212108
2021-01-01,83.66641687,2.786683333,74.664681842,1.5058179329226558,73.01156401536876
2021-01-02,61.51536333,3.874108333,74.18014009166669,1.5085557837097878,73.00995844392476
2021-01-03,84.49778453,4.827366667,74.588500335,1.51129363449692,73.00835290778832
2021-01-04,78.41415728,4.065383333,74.63446390966668,1.514031485284052,73.00674740695865
2021-01-05,80.18236383,4.0429,74.94555362333332,1.516769336071184,73.00514194143497
2021-01-06,84.90721676,3.949783333,75.02299274033334,1.5195071868583163,73.00353651121654
2021-01-07,75.79212097,4.947341667,74.89879059233333,1.5222450376454484,73.00193111630253
2021-01-08,64.43049471,5.051108333,74.56635658966665,1.5249828884325805,73.0003257566922
2021-01-09,61.68552125,5.2389,73.89995857000001,1.5277207392197125,72.99872043238477
2021-01-10,64.24337066,4.8213,73.52236881366667,1.5304585900068446,72.99711514337945
2021-01-11,73.86084303,4.975141667,73.24806041766666,1.5331964407939767,72.99550988967547
2021-01-12,60.14697289,4.866616667,72.744420845,1.5359342915811087,72.99390467127208
2021-01-13,82.0148182,5.033091667,73.104808704,1.538672142368241,72.99229948816846
2021-01-14,82.79713506,4.440375,73.62161607466666,1.541409993155373,72.99069434036385
2021-01-15,72.91756073,4.514583333,73.38826807733334,1.5441478439425051,72.98908922785748
2021-01-16,69.19325224,4.349475,73.026689149,1.5468856947296372,72.98748415064857
2021-01-17,81.63869705,4.833258333,73.214536369,1.5496235455167693,72.98587910873634
2021-01-18,65.7849578,5.544341667,72.77452142366668,1.5523613963039014,72.98427410212003
2021-01-19,64.93065695,3.88405,72.34768560900001,1.5550992470910336,72.98266913079885
2021-01-20,61.89388664,3.496041667,72.00871289766668,1.5578370978781657,72.98106419477202
2021-01-21,63.66000166,3.969733333,71.996188805,1.5605749486652978,72.97945929403878
2021-01-22,60.2873887,3.324808333,71.26307474133334,1.5633127994524298,72.97785442859832
2021-01-23,75.26188888,3.377008333,70.98424352133334,1.566050650239562,72.97624959844991
2021-01-24,66.90631035,3.681925,71.14165320800001,1.568788501026694,72.97464480359274
2021-01-25,64.09811909,4.29905,70.585909503,1.571526351813826,72.97304004402605
2021-01-26,66.81909322,4.239008333,70.58595948566668,1.5742642026009583,72.97143531974906
2021-01-27,63.86066734,4.010408333,70.71097394933332,1.5770020533880904,72.969830630761
2021-01-28,69.44407808,4.213233333,70.86081322199999,1.5797399041752225,72.96822597706108
2021-01-29,72.42513773,5.424616667,70.68819850733334,1.5824777549623545,72.96662135864854
2021-01-30,75.61305069,4.741075,71.096310884,1.5852156057494866,72.96501677552259
2021-01-31,66.36006131,4.604041667,70.51943236533333,1.5879534565366187,72.96341222768244
2021-02-01,66.92499948,4.621641667,70.69975357033333,1.5906913073237507,72.96180771512735
2021-02-02,78.79142175,5.495841667,70.50954147766667,1.593429158110883,72.96020323785653
2021-02-03,72.96728368,5.2928,70.32797902433335,1.596167008898015,72.9585987958692
2021-02-04,63.08690837,4.473416667,69.758130509,1.5989048596851472,72.95699438916458
2021-02-05,80.02004886,4.504841667,69.59522491233334,1.6016427104722792,72.95539001774189
2021-02-06,62.85821532,4.159225,69.164094724,1.6043805612594113,72.95378568160038
2021-02-07,77.56261296,3.478141667,69.601831999,1.6071184120465434,72.95218138073926
2021-02-08,77.06022752,3.205775,70.114322208,1.6098562628336757,72.95057711515774
2021-02-09,68.22388346,5.045083333,70.247005968,1.6125941136208077,72.94897288485507
2021-02-10,64.14147918,4.277683333,69.923027173,1.6153319644079398,72.94736868983045
2021-02-11,63.86806783,2.390758333,70.047063671,1.6180698151950719,72.94576453008311
2021-02-12,70.57074642,4.068308333,69.66559461166666,1.620807665982204,72.9441604056123
2021-02-13,78.76293497,5.202675,69.53112127533333,1.623545516769336,72.9425563164172
2021-02-14,72.81963177,4.364241667,69.52785697666667,1.626283367556468,72.94095226249706
2021-02-15,61.69717364,4.697391667,69.27798769,1.6290212183436004,72.93934824385111
2021-02-16,74.94631074,5.241525,69.05490814633335,1.6317590691307324,72.93774426047857
2021-02-17,75.83144148,5.940891667,69.38979093566667,1.6344969199178645,72.93614031237865
2021-02-18,65.74010327,5.53465,69.41677247966666,1.6372347707049966,72.93453639955058
2021-02-19,84.33412207,5.472708333,70.16478032733333,1.6399726214921286,72.9329325219936
2021-02-20,76.00995922,6.008566667,70.57644557933332,1.6427104722792607,72.93132867970692
2021-02-21,77.80130415,5.999541667,71.160242761,1.6454483230663928,72.92972487268977
2021-02-22,76.21568108,5.196675,71.19203583433334,1.648186173853525,72.92812110094137
2021-02-23,81.55455971,5.446766667,71.68031081299999,1.6509240246406571,72.92651736446095
2021-02-24,66.57206215,4.6578,71.76277558166666,1.6536618754277892,72.92491366324774
2021-02-25,79.1301965,5.31395,72.173145691,1.6563997262149213,72.92330999730093
2021-02-26,62.73319882,4.556158333,72.135563407,1.6591375770020533,72.92170636661977
2021-02-27,71.44104176,3.493283333,72.20212886300001,1.6618754277891854,72.9201027712035
2021-02-28,67.50866074,4.582141667,72.03824629666666,1.6646132785763177,72.91849921105133
2021-03-01,61.55919588,5.4687,71.56978446966667,1.6673511293634498,72.91689568616248
2021-03-02,65.85289818,4.935983333,71.552879032,1.6700889801505818,72.91529219653619
2021-03-03,82.27337522,4.19625,72.06449155666665,1.672826830937714,72.91368874217164
2021-03-04,84.91011271,5.165466667,72.268447922,1.675564681724846,72.91208532306813
2021-03-05,64.10777168,6.486008333,71.97313085533332,1.678302532511978,72.91048193922481
2021-03-06,64.88061055,5.915858333,72.032920928,1.68104038329911,72.90887859064094
2021-03-07,75.19907414,5.639083333,71.87222177066666,1.6837782340862424,72.90727527731575
2021-03-08,69.31458217,5.1473,72.087433999,1.6865160848733745,72.90567199924844
2021-03-09,72.33920476,4.57085,71.91332039233333,1.6892539356605065,72.90406875643826
2021-03-10,64.00159103,4.772283333,71.47803250933333,1.6919917864476386,72.90246554888442
2021-03-11,76.61826401,5.075016667,71.75784519433333,1.6947296372347707,72.90086237658616
2021-03-12,83.63222408,5.343283333,72.40753669099999,1.6974674880219027,72.89925923954269
2021-03-13,80.61762338,5.711466667,72.96585520933333,1.700205338809035,72.89765613775324
2021-03-14,75.94527618,6.122858333,73.14500620133332,1.702943189596167,72.89605307121704
2021-03-15,76.2216018,5.025025,73.06029509566666,1.7056810403832992,72.89445003993329
2021-03-16,70.78168553,4.547383333,72.99236355433332,1.7084188911704312,72.89284704390124
2021-03-17,75.73683378,5.219116667,73.46035222566665,1.7111567419575633,72.89124408312011
2021-03-18,73.75455072,4.648075,73.42062689166667,1.7138945927446954,72.88964115758912
2021-03-19,73.13327469,4.957,73.33068799866666,1.7166324435318274,72.88803826730751
2021-03-20,73.46585282,3.220425,73.58821298366666,1.7193702943189597,72.88643541227448
2021-03-21,61.18568999,4.30625,72.81659858100001,1.7221081451060918,72.88483259248927
2021-03-22,67.66042667,6.015591667,72.53828082933335,1.7248459958932238,72.88322980795111
2021-03-23,80.58251206,6.209658333,72.63098775966665,1.727583846680356,72.88162705865922
2021-03-24,81.65893517,5.930958333,72.81242956266667,1.730321697467488,72.8800243446128
2021-03-25,77.53325058,5.744208333,72.678385925,1.73305954825462,72.87842166581112
2021-03-26,82.3602677,6.382258333,73.20465944333334,1.7357973990417521,72.87681902225336
2021-03-27,69.51553523,5.880091667,72.88417073433332,1.7385352498288844,72.87521641393879
2021-03-28,79.12584119,6.058016667,73.43059214666667,1.7412731006160165,72.8736138408666
2021-03-29,62.95521726,5.221883333,73.14773132999998,1.7440109514031485,72.87201130303602
2021-03-30,62.09502838,4.50345,72.967276918,1.7467488021902806,72.87040880044628
2021-03-31,76.89889967,5.7723,73.47860037766667,1.7494866529774127,72.86880633309663
2021-04-01,69.42506407,5.695466667,73.597672574,1.7522245037645447,72.86720390098625
2021-04-02,64.49132957,5.393075,73.00493771900001,1.754962354551677,72.8656015041144
2021-04-03,79.09037784,5.281491667,72.81094655666666,1.757700205338809,72.86399914248028
2021-04-04,62.37501073,4.4688,72.75318785833333,1.7604380561259412,72.86239681608313
2021-04-05,66.53188436,5.544483333,72.80823031866666,1.7631759069130732,72.86079452492218
2021-04-20,81.18385924,5.541141667,73.00772315533335,1.8042436687200547,72.83676438532407
2021-04-21,69.39032767,3.62395,73.01024800533334,1.8069815195071868,72.83516265783682
2021-04-22,83.12971089,3.492116667,73.36993154299999,1.809719370294319,72.8335609655726
2021-04-23,63.64662328,2.394136241,73.35809928466666,1.8124572210814511,72.83195930853061
2021-04-24,80.40084625,3.798924019,73.48418535933334,1.8151950718685832,72.83035768671012
2021-04-25,71.29094721,2.735408262,73.07280946366667,1.8179329226557153,72.8287561001103
2021-04-26,74.64967213,3.089371597,72.87387775533333,1.8206707734428473,72.82715454873042
2021-04-27,80.88077081,3.055165786,73.03839424300001,1.8234086242299794,72.82555303256969
2021-04-28,78.81450146,3.627878567,73.12482423166668,1.8261464750171115,72.82395155162732
2021-04-29,62.46706892,4.539083967,72.84767034466667,1.8288843258042438,72.82235010590256
2021-04-30,62.42248752,2.591562824,72.40385880266668,1.8316221765913758,72.82074869539463
2021-05-01,68.60522351,5.292419368,72.23221456233334,1.834360027378508,72.81914732010274
2021-05-02,80.86788128,4.431024888,72.49003478200001,1.83709787816564,72.81754598002614
2021-05-03,74.74476697,5.883403687,72.53266525366666,1.839835728952772,72.81594467516402
2021-05-04,75.74457764,4.570410435,73.01796150866667,1.842573579739904,72.81434340551566
2021-05-05,65.81167319,2.253509217,72.95633639266666,1.8453114305270362,72.81274217108023
2021-05-06,77.53399902,4.692892997,72.85471929133334,1.8480492813141685,72.81114097185699
2021-05-07,67.72989881,3.644346039,72.39041807933334,1.8507871321013005,72.80953980784514
2021-05-08,83.13317573,2.227714066,72.57708225100001,1.8535249828884326,72.80793867904394
2021-05-09,83.52568208,5.552725485,72.615929397,1.8562628336755647,72.80633758545258
2021-05-10,70.6215225,4.773650032,72.65279563933335,1.8590006844626967,72.80473652707032
2021-05-11,63.54684753,4.13724155,72.13349585066666,1.8617385352498288,72.80313550389636
2021-05-12,67.27020355,5.692629246,72.27732872700001,1.864476386036961,72.80153451592993
2021-05-13,72.62914563,4.949871427,72.62846596866666,1.8672142368240932,72.79993356317026
2021-05-14,80.58428564,2.755736898,72.75131216766667,1.8699520876112252,72.79833264561658
2021-05-15,82.62436035,4.155358975,73.19128871033332,1.8726899383983573,72.79673176326811
2021-05-16,80.20258609,5.604047307,73.714997261,1.8754277891854894,72.79513091612407
2021-05-17,81.14592307,5.142796085,73.78351543533334,1.8781656399726214,72.7935301041837
2021-05-18,73.65865639,2.293150014,74.15963695733333,1.8809034907597535,72.79192932744621
2021-05-19,63.21525782,3.053645955,74.04908273933333,1.8836413415468858,72.79032858591084
2021-05-20,74.30238862,4.029908446,73.81970038533333,1.8863791923340179,72.78872787957681
2021-05-21,61.43755755,3.486734001,73.554608048,1.88911704312115,72.78712720844334
2021-05-22,74.3970245,2.402452251,73.26351850166667,1.891854893908282,72.78552657250967
2021-05-23,61.58375728,5.544250301,73.19475630166667,1.894592744695414,72.78392597177502
2021-05-24,62.42075606,4.281675428,72.59541996200001,1.8973305954825461,72.78232540623861
2021-05-25,78.89371378,3.316844593,72.84884551433333,1.9000684462696784,72.78072487589966
2021-05-26,61.62369128,5.779133295,72.41464615266666,1.9028062970568105,72.77912438075742
2021-05-27,72.88497858,2.546229425,72.148119745,1.9055441478439425,72.77752392081109
2021-05-28,72.70578373,3.139226802,71.94449582066666,1.9082819986310746,72.77592349605992
2021-05-29,74.99590519,3.038622696,72.36212369633334,1.9110198494182067,72.77432310650312
2021-05-30,69.20369021,4.492467527,72.588163786,1.9137577002053388,72.77272275213991
2021-05-31,78.50826384,5.732635684,72.91826513033332,1.9164955509924708,72.77112243296955
2021-06-01,68.87633524,4.195066667,72.518546929,1.919233401779603,72.76952214899121
2021-06-02,62.88708413,4.877116667,72.12329083433333,1.9219712525667352,72.76792190020417
2021-06-05,79.08599954,5.0684,72.23467156433334,1.9301848049281314,72.76312136498296
2021-06-06,72.1702366,3.99225,72.446623678,1.9329226557152634,72.76152125695329
2021-06-07,79.88007224,5.365591667,72.52482611866667,1.9356605065023955,72.75992118411102
2021-06-08,77.29574387,2.611183333,72.84368762066667,1.9383983572895278,72.7583211464554
2021-06-09,60.64390862,5.204808333,72.09404538366667,1.9411362080766599,72.75672114398563
2021-06-10,66.23325834,3.592533333,71.517631259,1.943874058863792,72.75512117670095
2021-06-11,80.90123037,5.396108333,71.86028818799998,1.946611909650924,72.75352124460059
2021-06-12,60.59910905,4.161741667,71.76203023866667,1.949349760438056,72.75192134768376
2021-06-13,72.39693681,5.448483333,71.93292134733333,1.9520876112251881,72.75032148594971
2021-06-14,78.76041599,5.926033333,72.137297026,1.9548254620123204,72.74872165939765
2021-06-15,60.32529965,3.932033333,71.46199749299998,1.9575633127994525,72.7471218680268
2021-06-16,70.7694985,4.729975,71.06683543133335,1.9603011635865846,72.7455221118364
2021-06-17,66.66965168,6.520441667,70.61573761766667,1.9630390143737166,72.74392239082566
2021-06-18,74.27436761,6.123708333,70.386685769,1.9657768651608487,72.74232270499382
2021-06-19,81.68971449,5.056091667,70.65438770566666,1.9685147159479808,72.74072305434012
2021-06-20,80.63315423,5.725175,71.23498425266668,1.9712525667351128,72.73912343886377
2021-06-21,74.72682588,4.051708333,71.24913216133334,1.9739904175222451,72.73752385856399
2021-06-22,65.53509604,4.164675,71.38571677766666,1.9767282683093772,72.73592431344001
2021-06-23,70.72157983,4.859341667,71.26320195533334,1.9794661190965093,72.73432480349108
2021-06-24,64.21049448,5.739525,71.35075986199999,1.9822039698836413,72.73272532871638
2021-06-25,68.06328707,5.90975,71.538844229,1.9849418206707734,72.73112588911518
2021-06-26,83.84207408,6.281358333,71.70378957233333,1.9876796714579055,72.72952648468669
2021-06-27,82.47158407,5.852325,72.398719332,1.9904175222450375,72.72792711543012
2021-06-28,77.20580226,5.981325,72.54274678799999,1.9931553730321698,72.72632778134474
2021-06-29,81.55935567,5.256925,72.83786585266667,1.995893223819302,72.72472848242973
2021-06-30,77.20331671,3.089816667,72.91144623666666,1.998631074606434,72.72312921868433
2021-07-01,84.7699836,6.332116667,73.430322683,2.001368925393566,72.7215299901078
2021-07-02,63.20853215,6.18565,72.92033162666667,2.004106776180698,72.7199307966993
2021-07-03,78.35262338,5.4784,73.236207898,2.00684462696783,72.71833163845812
2021-07-04,84.09817081,3.296966667,73.94324412066666,2.0095824777549622,72.71673251538347
2021-07-05,72.89388546,3.667841667,73.736840318,2.0123203285420943,72.71513342747456
2021-07-06,76.38979995,2.852183333,73.87749242966667,2.0150581793292264,72.71353437473061
2021-07-07,81.77536229,2.717125,73.94066876466667,2.0177960301163584,72.71193535715089
2021-07-08,67.87960601,3.595508333,73.62679750266666,2.020533880903491,72.71033637473458
2021-07-09,64.09475269,4.808441667,73.74182563833332,2.023271731690623,72.70873742748094
2021-07-10,62.04101834,5.292016667,73.602084305,2.026009582477755,72.70713851538918
2021-07-11,83.8501172,5.98765,73.70038053266667,2.028747433264887,72.70553963845852
2021-07-12,66.35927925,4.842283333,73.89238620600001,2.0314852840520192,72.7039407966882
2021-07-13,71.21065978,4.506258333,73.85284363833333,2.0342231348391513,72.70234199007744
2021-07-14,72.01887248,3.985116667,73.62812552133333,2.0369609856262834,72.70074321862548
2021-07-15,71.57437185,3.222533333,74.00309459466666,2.0396988364134154,72.69914448233152
2021-07-16,83.44409415,5.855191667,74.42558111633333,2.0424366872005475,72.69754578119482
2021-07-17,66.02987703,6.5543,74.40425529466667,2.0451745379876796,72.6959471152146
2021-07-18,63.93345641,3.73,74.05955825466667,2.0479123887748116,72.69434848439005
2021-07-19,67.30536284,4.535691667,73.58007986633334,2.0506502395619437,72.69274988872043
2021-07-20,80.84051944,5.722691667,73.58699204000001,2.0533880903490758,72.69115132820497
2021-07-21,82.68233834,3.865775,73.85217578866667,2.0561259411362083,72.68955280284288
2021-07-22,79.77389156,4.174416667,74.326802306,2.0588637919233403,72.68795431263341
2021-07-23,81.97642408,2.655541667,74.70196378099999,2.0616016427104724,72.68635585757576
2021-07-24,73.75992663,5.254816667,75.020278186,2.0643394934976045,72.68475743766918
2021-07-25,75.3427307,4.542575,75.262926307,2.0670773442847366,72.68315905291287
2021-07-26,79.79306328,5.688958333,75.12795928033333,2.0698151950718686,72.68156070330608
2021-07-27,77.20349712,5.361808333,74.952356382,2.0725530458590007,72.67996238884803
2021-07-28,67.81317142,2.928783333,74.63926868733333,2.0752908966461328,72.67836410953795
2021-07-29,80.48844149,4.2413,74.603571548,2.078028747433265,72.67676586537506
2021-07-30,70.92533959,5.188091667,74.39430564400001,2.080766598220397,72.6751676563586
2021-07-31,62.05911381,5.100383333,73.63727665100001,2.083504449007529,72.67356948248778
2021-08-01,79.36368827,5.665241667,74.175781855,2.086242299794661,72.67197134376183
2021-08-02,70.19800096,5.767216667,73.90396110766666,2.088980150581793,72.67037324018
2021-08-03,65.74414093,4.787883333,73.29216011166666,2.0917180013689256,72.66877517174149
2021-08-04,68.07518076,5.460966667,73.13153662166665,2.0944558521560577,72.66717713844554
2021-08-05,63.40334046,4.524466667,72.69865463866667,2.0971937029431897,72.66557914029136
2021-08-06,84.49535345,4.662016667,72.78932101066667,2.099931553730322,72.6639811772782
2021-08-07,66.36888991,5.138308333,72.73896380733335,2.102669404517454,72.66238324940528
2021-08-08,70.0170831,5.625883333,72.936374821,2.105407255304586,72.66078535667184
2021-08-09,83.1749803,5.828241667,73.64084021966666,2.108145106091718,72.65918749907706
2021-08-10,79.33507233,5.149116667,73.490338724,2.11088295687885,72.65758967662023
2021-08-11,82.35168802,4.361525,74.02341901633332,2.113620807665982,72.65599188930054
2021-08-12,65.77637218,5.940125,73.84227609633334,2.116358658453114,72.65439413711722
2021-08-13,63.71151119,4.5078,73.56536405333333,2.1190965092402463,72.6527964200695
2021-08-14,79.66327505,4.780541667,73.83499416000001,2.1218343600273784,72.65119873815662
2021-08-15,63.38929463,3.1595,73.16650084266666,2.1245722108145104,72.64960109137779
2021-08-16,74.59443687,6.798441667,73.45198617066667,2.127310061601643,72.64800347973225
2021-08-17,62.29054553,5.053208333,73.39722247466666,2.130047912388775,72.64640590321922
2021-08-18,83.8546115,5.964591667,73.94886409666667,2.132785763175907,72.64480836183793
2021-08-19,68.4681331,6.168666667,73.53645121866666,2.135523613963039,72.6432108555876
2021-08-20,77.56489288,4.348666667,73.36586970333333,2.138261464750171,72.64161338446748
2021-08-21,74.74532329,6.70605,73.198250761,2.1409993155373033,72.64001594847676
2021-08-22,68.92897606,6.500833333,72.76333582699999,2.1437371663244353,72.6384185476147
2021-08-23,71.82869702,5.047366667,72.69896150666666,2.1464750171115674,72.63682118188052
2021-08-24,72.40950706,5.3084,72.60118738533333,2.1492128678986995,72.63522385127344
2021-08-25,82.36793647,3.497525,72.68701649166668,2.1519507186858315,72.63362655579269
2021-08-26,82.15373844,5.08975,72.85202453566667,2.1546885694729636,72.6320292954375
2021-08-27,72.53968275,6.084875,73.00957491333334,2.1574264202600957,72.63043207020709
2021-08-28,82.38219236,2.886766667,73.07269994233333,2.1601642710472277,72.62883488010071
2021-08-29,66.36015355,4.808008333,72.92052707433332,2.16290212183436,72.62723772511757
2021-08-30,61.42860267,4.709216667,72.89951003633334,2.1656399726214923,72.62564060525689
2021-08-31,77.40207493,5.390408333,72.834122925,2.1683778234086244,72.6240435205179
2021-09-01,64.40865781,4.287058333,72.64114482,2.1711156741957565,72.62244647089985
2021-09-02,80.29465385,4.798375,73.12616191733333,2.1738535249828885,72.62084945640194
2021-09-03,77.90887344,4.6332,73.45395167333335,2.1765913757700206,72.61925247702342
2021-09-04,66.732765,4.0792,73.56493249133334,2.1793292265571527,72.61765553276351
2021-09-05,67.97049226,4.747466667,73.014103785,2.1820670773442847,72.61605862362143
2021-09-06,64.66748956,4.892291667,72.95739043999998,2.184804928131417,72.61446174959642
2021-09-07,81.7510595,4.6983,73.34852298666668,2.187542778918549,72.61286491068769
2021-09-08,80.39380171,4.8834,73.25581703366667,2.190280629705681,72.61126810689449
2021-09-09,62.48941073,4.021166667,72.69429498033334,2.193018480492813,72.60967133821603
2021-09-10,81.53945804,4.851216667,72.66722064766667,2.195756331279945,72.60807460465155
2021-09-11,65.94349664,4.786425,72.672791463,2.198494182067077,72.60647790620027
2021-09-12,72.39011471,3.48995,72.962078247,2.2012320328542097,72.60488124286141
2021-09-13,64.07789615,3.51,72.442565617,2.2039698836413417,72.60328461463422
2021-09-14,67.72760076,4.23825,72.58717582133335,2.206707734428474,72.6016880215179
2021-09-15,62.62414189,4.308225,72.18816598866667,2.209445585215606,72.60009146351172
2021-09-16,66.31079237,4.453066667,72.32217421666668,2.212183436002738,72.59849494061486
2021-09-17,61.31348544,4.11275,71.57080334800001,2.21492128678987,72.59689845282658
2021-09-18,60.59317392,5.213008333,71.30830470866667,2.217659137577002,72.59530200014609
2021-09-19,63.74431428,2.938925,70.84761875533333,2.220396988364134,72.59370558257264
2021-09-20,65.55978451,4.525633333,70.54143412933334,2.223134839151266,72.59210920010543
2021-09-21,67.51107754,3.796208333,70.49417084533334,2.2258726899383983,72.5905128527437
2021-09-22,79.4041274,5.418633333,70.74668519133334,2.2286105407255303,72.58891654048668
2021-09-23,62.83109169,4.212283333,70.42740467899999,2.2313483915126624,72.58732026333361
2021-09-24,70.67112172,3.27,70.037510854,2.2340862422997945,72.5857240212837
2021-09-25,77.97870097,5.464258333,69.89834293833333,2.236824093086927,72.58412781433617
2021-09-26,74.98673846,2.443658333,69.979911462,2.239561943874059,72.58253164249027
2021-09-27,63.63294606,5.290108333,69.35493658533332,2.242299794661191,72.58093550574523
2021-09-28,61.94390546,5.242925,69.20772831566666,2.245037645448323,72.57933940410025
2021-09-29,67.48820209,5.312208333,69.409714963,2.2477754962354553,72.5777433375546
2021-09-30,71.77287282,3.7533,69.22207489266667,2.2505133470225873,72.57614730610746
2021-10-01,68.13106633,2.890266667,69.34615517666666,2.2532511978097194,72.57455130975809
2021-10-02,78.00808824,2.241108333,69.269936323,2.2559890485968515,72.57295534850572
2021-10-03,73.74996126,3.25835,69.131305917,2.2587268993839835,72.57135942234956
2021-10-04,64.95592673,3.980583333,69.07207797466667,2.2614647501711156,72.56976353128884
2021-10-05,83.04951382,4.432375,69.57471202666667,2.2642026009582477,72.56816767532281
2021-10-06,72.53521474,2.569391667,69.83696953266667,2.2669404517453797,72.56657185445067
2021-10-07,69.35398286,3.308558333,69.42373364466668,2.269678302532512,72.56497606867167
2021-10-08,61.74004753,4.530558333,68.80194183866666,2.272416153319644,72.56338031798502
2021-10-09,84.90241073,4.019216667,69.54904183866667,2.2751540041067764,72.56178460238998
2021-10-10,65.29312359,4.879491667,69.00749735699999,2.2778918548939084,72.56018892188574
2021-10-11,77.21641939,3.888933333,69.38326144866666,2.2806297056810405,72.55859327647154
2021-10-12,76.95809436,3.69335,69.535527437,2.2833675564681726,72.55699766614663
2021-10-13,74.05814538,4.217616667,69.86820241133334,2.2861054072553046,72.5554020909102
2021-10-14,76.50041062,4.225558333,70.16062940666667,2.2888432580424367,72.55380655076151
2021-10-15,60.82624031,4.874091667,70.100699354,2.291581108829569,72.55221104569978
2021-10-16,72.27197093,3.088991667,70.299405306,2.294318959616701,72.55061557572424
2021-10-17,74.67355616,2.655141667,70.74474099666666,2.297056810403833,72.5490201408341
2021-10-18,70.87573011,3.646175,71.08749286966666,2.299794661190965,72.54742474102862
2021-10-19,84.50975931,4.813958333,71.77967437066667,2.302532511978097,72.54582937630701
2021-10-20,64.46963886,3.462341667,71.74333618233332,2.305270362765229,72.5442340466685
2021-10-21,67.59034876,4.521408333,71.74597855633334,2.308008213552361,72.54263875211232
2021-10-22,73.61139765,3.811491667,71.55288756466666,2.3107460643394937,72.5410434926377
2021-10-23,63.96217543,5.23085,71.59059035599999,2.3134839151266258,72.53944826824385
2021-10-24,71.19728865,5.215608333,71.60812925366668,2.316221765913758,72.53785307893003
2021-10-25,84.0496343,4.301241667,71.81049369800002,2.31895961670089,72.53625792469545
2021-10-26,79.21805464,4.34445,71.95153757066667,2.321697467488022,72.53466280553933
2021-10-27,72.38592453,2.7031,72.24330351966667,2.324435318275154,72.53306772146092
2021-10-28,70.58115012,4.804625,72.531211675,2.327173169062286,72.53147267245944
2021-10-29,76.91450463,4.6817,72.84542175966665,2.329911019849418,72.52987765853412
2021-10-30,74.93947759,5.343966667,72.95097525199999,2.3326488706365502,72.52828267968418
2021-10-31,67.68168661,4.882691667,72.93599592800001,2.3353867214236823,72.52668773590887
2021-11-01,76.84541085,5.157433333,72.89724001500001,2.3381245722108144,72.52509282720739
2021-11-02,71.37590669,5.658,72.81810486266666,2.3408624229979464,72.52349795357898
2021-11-03,82.9816221,5.717733333,73.418961375,2.3436002737850785,72.52190311502288
2021-11-04,72.15050345,4.610741667,73.05566102933334,2.346338124572211,72.5203083115383
2021-11-05,83.7984817,4.493766667,73.43110326133335,2.349075975359343,72.51871354312448
2021-11-06,61.25482929,4.409416667,73.16113147566666,2.351813826146475,72.51711880978065
2021-11-07,60.76163335,5.132466667,73.12851766966666,2.3545516769336072,72.51552411150604
2021-11-08,84.15277112,4.932991667,73.10352968266666,2.3572895277207393,72.51392944829988
2021-11-09,62.40509439,3.22415,73.00726204266668,2.3600273785078714,72.51233482016137
2021-11-10,79.26744195,3.982908333,73.07562946133334,2.3627652292950034,72.51074022708978
2021-11-11,74.53836635,3.147491667,72.99497186100001,2.3655030800821355,72.50914566908432
2021-11-12,81.669693,5.170041667,73.248690115,2.3682409308692676,72.50755114614422
2021-11-13,80.91794711,4.65255,73.39594133133333,2.3709787816563996,72.50595665826872
2021-11-14,71.6221836,2.8508,73.75580610766666,2.3737166324435317,72.50436220545701
2021-11-15,82.68891785,3.419125,74.10303767166667,2.3764544832306638,72.50276778770838
2021-11-16,68.22133013,3.139875,73.88796347066666,2.379192334017796,72.501173405022
2021-11-17,83.29130553,4.831783333,74.30181598466667,2.3819301848049284,72.49957905739714
2021-11-18,67.36271671,4.327291667,73.730247898,2.3846680355920604,72.497984744833
2021-11-19,60.76667012,4.265508333,73.60681560666667,2.3874058863791925,72.49639046732884
2021-11-20,84.41442212,3.625275,74.167618052,2.3901437371663246,72.49479622488387
2021-11-21,67.65936027,5.127283333,73.969216806,2.3928815879534566,72.49320201749731
2021-11-22,84.30780523,2.969658333,74.647404466,2.3956194387405887,72.4916078451684
2021-11-23,76.79133747,4.362266667,74.83387275999999,2.3983572895277208,72.49001370789638
2021-11-24,73.69426077,4.224641667,74.48869364233333,2.401095140314853,72.48841960568046
2021-11-25,74.50556752,4.057691667,74.33161073833334,2.403832991101985,72.48682553851988
2021-11-26,73.4344085,4.631066667,74.366560204,2.406570841889117,72.48523150641387
2021-11-27,61.88470526,1.684283333,74.07667870866666,2.409308692676249,72.48363750936164
2021-11-28,73.94051024,3.185458333,73.97754556233333,2.412046543463381,72.48204354736245
2021-11-29,71.91667791,2.700216667,73.876785573,2.414784394250513,72.48044962041551
2021-11-30,67.59835298,2.478966667,73.87400778533333,2.4175222450376452,72.47885572852006
2021-12-01,72.55173801,4.040033333,73.73088535733334,2.4202600958247777,72.47726187167531
2021-12-02,78.42530629,4.209466667,73.965865344,2.42299794661191,72.47566804988051
2021-12-03,78.15937955,5.584608333,73.80512392566668,2.425735797399042,72.47407426313487
2021-12-04,66.4821582,4.317975,73.616179084,2.428473648186174,72.47248051143764
2021-12-05,78.96544853,4.869316667,73.45507797833332,2.431211498973306,72.47088679478803
2021-12-06,64.23261362,4.898133333,73.554337456,2.433949349760438,72.46929311318529
2021-12-07,77.07997793,4.362108333,74.09828227533333,2.43668720054757,72.46769946662863
2021-12-08,78.67499311,4.85815,73.91568967500001,2.439425051334702,72.46610585511728
2021-12-09,77.50831579,3.397541667,74.41913038833333,2.4421629021218343,72.46451227865049
2021-12-10,75.79341306,5.471958333,74.30332942533333,2.4449007529089664,72.46291873722747
2021-12-11,60.94602987,4.818091667,73.85025154266665,2.4476386036960984,72.46132523084745
2021-12-12,71.51924314,4.694283333,73.511903214,2.4503764544832305,72.45973175950968
2021-12-13,79.55462349,4.765308333,73.46645909333333,2.4531143052703626,72.45813832321336
2021-12-14,81.67983986,4.7271,73.801714302,2.455852156057495,72.45654492195773
2021-12-15,82.9011479,4.8865,73.80878863699999,2.458590006844627,72.45495155574204
2021-12-16,70.13312666,3.369958333,73.87251518800001,2.461327857631759,72.45335822456548
2021-12-17,63.77418775,3.554241667,73.22194459533333,2.4640657084188913,72.45176492842731
2021-12-18,73.60969872,4.851925,73.43017732899999,2.4668035592060233,72.45017166732676
2021-12-19,66.53974734,3.424116667,73.62261323633334,2.4695414099931554,72.44857844126305
2021-12-20,84.68507232,4.136958333,73.63163490966667,2.4722792607802875,72.4469852502354
2021-12-21,65.38315826,4.197316667,73.55576150933334,2.4750171115674195,72.44539209424306
2021-12-22,73.42331297,2.564775,73.19294510066666,2.4777549623545516,72.44379897328523
2021-12-23,70.32226846,3.409658333,72.977309467,2.4804928131416837,72.44220588736117
2021-12-24,65.7276318,3.881258333,72.711755168,2.4832306639288158,72.44061283647011
2021-12-25,78.50861245,4.682108333,72.845189999,2.485968514715948,72.43901982061125
2021-12-26,77.47733571,4.1058,72.97995423933334,2.48870636550308,72.43742683978385
2021-12-27,63.24199635,3.863683333,73.02519727566667,2.4914442162902124,72.43583389398712
2021-12-28,61.64299846,4.023341667,72.61528021633333,2.4941820670773445,72.4342409832203
2021-12-29,83.72640889,3.707125,73.00893791566666,2.4969199178644765,72.43264810748262
2021-12-30,65.80764531,4.752783333,72.94924766,2.4996577686516086,72.4310552667733
2021-12-31,69.18800967,5.5853,72.837123382,2.5023956194387407,72.42946246109157
2022-01-01,81.8538076,5.084191667,72.95140675900001,2.5051334702258727,72.42786969043668
2022-01-02,65.65051067,4.54415,72.534444463,2.507871321013005,72.42627695480785
2022-01-03,66.47427774,4.367208333,72.53418178099999,2.510609171800137,72.4246842542043
2022-01-04,76.42504312,4.724058333,72.44950160066668,2.513347022587269,72.42309158862525
2022-01-05,84.29715868,3.9985,73.11831976933334,2.516084873374401,72.42149895806995
2022-01-06,81.47489213,3.5042,73.26481690933333,2.518822724161533,72.41990636253763
2022-01-07,77.63831073,4.089358333,73.23026082999999,2.521560574948665,72.41831380202751
2022-01-08,69.05185207,4.83185,72.948378706,2.524298425735797,72.41672127653882
2022-01-09,78.23460502,4.600666667,73.02975177133334,2.5270362765229293,72.41512878607081
2022-01-10,66.30059209,4.306733333,73.20823717866668,2.529774127310062,72.41353633062268
2022-01-11,72.89682864,4.370066667,73.25415669533335,2.532511978097194,72.41194391019367
2022-01-12,73.90059889,4.761333333,73.06568920866667,2.535249828884326,72.41035152478302
2022-01-13,72.13886011,4.948008333,72.74765655033333,2.537987679671458,72.40875917438996
2022-01-14,79.20010713,4.740716667,72.62428852466665,2.54072553045859,72.40716685901371
2022-01-15,62.20011401,4.593716667,72.35985476966667,2.543463381245722,72.4055745786535
2022-01-16,80.28306189,4.543225,72.91015057433333,2.546201232032854,72.40398233330856
2022-01-17,68.12121868,3.3945,72.72720123966668,2.5489390828199863,72.40239012297815
2022-01-18,70.80019178,4.994683333,72.86921605433332,2.5516769336071183,72.40079794766145
2022-01-19,83.02552142,4.877458333,72.813897691,2.5544147843942504,72.3992058073577
2022-01-20,64.04077298,5.157525,72.76915151499999,2.5571526351813825,72.39761370206617
2022-01-21,60.63213688,4.276675,72.34277897866667,2.5598904859685145,72.39602163178606
2022-01-22,84.54523677,4.458325,72.81687792233333,2.5626283367556466,72.39442959651659
2022-01-23,75.22079782,4.231091667,73.13331678966667,2.565366187542779,72.39283759625701
2022-01-24,67.11032304,3.60555,72.75337380933334,2.568104038329911,72.39124563100654
2022-01-25,78.31024597,3.376491667,72.78113748466667,2.5708418891170433,72.38965370076441
2022-01-26,60.29664984,4.305258333,72.68295926766667,2.5735797399041753,72.38806180552987
2022-01-27,78.85656951,5.072183333,73.25674496933334,2.5763175906913074,72.38646994530212
2022-01-28,68.94567612,4.640791667,72.764053877,2.5790554414784395,72.38487812008042
2022-01-29,74.73075858,4.220491667,73.06149098600001,2.5817932922655715,72.38328632986398
2022-01-30,67.11002873,3.830216667,72.99222495466667,2.5845311430527036,72.38169457465202
2022-01-31,75.77677861,5.159383333,72.78965732166667,2.5872689938398357,72.38010285444379
2022-02-01,83.96580278,5.045475,73.40016705866667,2.5900068446269677,72.37851116923852
2022-02-02,71.12279493,5.312308333,73.55511763166668,2.5927446954141,72.37691951903544
2022-02-03,73.10165055,4.893833333,73.44433787933332,2.595482546201232,72.37532790383378
2022-02-04,76.74767657,5.666016667,73.19268847566667,2.598220396988364,72.37373632363276
2022-02-05,74.90105231,5.260066667,72.97356048166668,2.6009582477754964,72.3721447784316
2022-02-06,80.45926838,4.804358333,73.06759240333332,2.6036960985626285,72.37055326822957
2022-02-07,84.43258109,4.666641667,73.58028337066666,2.6064339493497606,72.36896179302587
2022-02-08,72.70172073,4.104,73.39585389433333,2.6091718001368926,72.36737035281973
2022-02-09,60.08424986,5.32515,73.18864248666665,2.6119096509240247,72.3657789476104
2022-02-10,83.91931644,5.388183333,73.55605874666665,2.614647501711157,72.36418757739709
2022-02-11,79.65668846,4.062983333,73.747928399,2.617385352498289,72.36259624217904
2022-02-12,78.08217373,5.237983333,73.94603885300002,2.620123203285421,72.36100494195549
2022-02-13,82.09957151,3.7119,74.04268766566666,2.622861054072553,72.35941367672564
2022-02-14,80.13385608,4.431283333,74.640479068,2.625598904859685,72.35782244648875
2022-02-15,61.82999024,4.990216667,74.02537667966666,2.628336755646817,72.35623125124404
2022-02-16,70.0142312,4.149233333,74.088477097,2.631074606433949,72.35464009099074
2022-02-17,83.28806881,4.318383333,74.50473966466667,2.6338124572210813,72.35304896572808
2022-02-18,72.93344219,5.188325,74.16833702366667,2.6365503080082138,72.3514578754553
2022-02-19,82.80901823,4.450266667,74.79394519866668,2.639288158795346,72.34986682017161
2022-02-20,68.36250313,4.419858333,75.05162407366667,2.642026009582478,72.34827579987626
2022-02-21,71.36819868,4.836308333,74.61238947066667,2.64476386036961,72.34668481456848
2022-02-22,61.7251071,4.611808333,74.16253311333334,2.647501711156742,72.34509386424749
2022-02-23,74.42923155,4.886116667,74.40649673033333,2.650239561943874,72.34350294891252
2022-02-24,73.82318859,5.199866667,74.256928151,2.652977412731006,72.3419120685628
2022-02-25,72.01322331,5.2465,74.64748060000001,2.6557152635181382,72.34032122319759
2022-02-26,63.55540791,6.427275,74.13744188,2.6584531143052703,72.33873041281608
2022-02-27,60.4253492,6.287241667,73.85343098266667,2.6611909650924024,72.33713963741752
2022-02-28,79.10204234,5.909541667,73.99914044133332,2.6639288158795345,72.33554889700115
2022-03-01,64.19322198,5.74105,73.90191354966666,2.6666666666666665,72.33395819156617
2022-03-02,78.89950203,3.948875,74.00600433033334,2.6694045174537986,72.33236752111183
2022-03-03,66.98188831,6.092025,73.43987384799999,2.6721423682409307,72.33077688563738
2022-03-04,69.41035626,5.41575,73.38279255900001,2.674880219028063,72.32918628514201
2022-03-05,67.99813517,5.110141667,73.21267537966668,2.6776180698151952,72.327595719625
2022-03-06,80.94850319,6.016166667,73.35270293366666,2.6803559206023273,72.32600518908552
2022-03-07,61.79529248,5.128958333,72.91584427266666,2.6830937713894594,72.32441469352285
2022-03-08,62.23306752,6.368116667,72.30830424400001,2.6858316221765914,72.3228242329362
2022-03-09,68.59186344,5.415233333,71.78028032233334,2.6885694729637235,72.3212338073248
2022-03-10,70.3314167,4.164808333,71.70127018800001,2.6913073237508556,72.31964341668791
2022-03-11,73.28192158,5.839325,72.14119257866668,2.6940451745379876,72.31805306102471
2022-03-12,71.02692361,4.187916667,71.711446151,2.6967830253251197,72.31646274033447
2022-03-13,81.83482392,5.754641667,71.78405066633333,2.6995208761122518,72.31487245461642
2022-03-14,84.6320141,5.3176,72.00237867866666,2.702258726899384,72.31328220386976
2022-03-15,69.92692102,4.818283333,71.59662366233333,2.704996577686516,72.31169198809376
2022-03-16,78.8960938,4.7711,71.55536491966667,2.707734428473648,72.31010180728761
2022-03-17,64.72382442,4.87725,71.651826059,2.7104722792607805,72.30851166145058
2022-03-18,67.24210793,4.700166667,71.55942194999999,2.7132101300479126,72.30692155058188
2022-03-19,63.24397744,5.915041667,70.891285571,2.7159479808350446,72.30533147468074
2022-03-20,81.63273763,4.226183333,71.18126208566667,2.7186858316221767,72.30374143374641
2022-03-21,71.05735294,3.431675,70.78953990933333,2.7214236824093088,72.30215142777809
2022-03-22,81.63150936,3.580491667,71.231840117,2.724161533196441,72.30056145677503
2022-03-23,71.90614872,4.997616667,71.249771785,2.726899383983573,72.29897152073647
2022-03-24,79.91179805,5.12505,71.85599481666667,2.729637234770705,72.29738161966162
